<metadata><idinfo><citation><citeinfo><origin>Hewes, Jaketon H.</origin><origin>Butler, Brett J.</origin><origin>Liknes, Greg C.</origin><pubdate>2017</pubdate><title>Forest ownership in the conterminous United States circa 2014: distribution of seven ownership types - geospatial dataset</title><geoform>raster digital data</geoform><pubinfo><pubplace>Fort Collins, CO</pubplace><publish>Forest Service Research Data Archive</publish></pubinfo></citeinfo></citation><descript><abstract>This data publication contains 250 meter raster data depicting the spatial distribution of forest ownership types in the conterminous United States. The data are a modeled representation of forest land by ownership type, and include three types of public ownership: federal, state, and local; three types of private: family (includes individuals and families), corporate, and other private (includes conservation and natural resource organizations, and unincorporated partnerships and associations); as well as Native American tribal lands. The most up-to-date data available were used in creating this data publication. A plurality of the ownership data were from 2014, but some data were as old as 2004.</abstract><purpose>These data are designed for strategic analyses at a national or regional scale which require spatially explicit information regarding the extent, distribution, and prevalence of the ownership types represented. These data are not recommended for tactical analyses on a sub-regional scale, or for informing local management decisions. Furthermore, map accuracies vary considerably and thus the utility of these data can vary geographically under different ownership patterns.</purpose><supplinf>Two associated data publications; Nelson et al. 2010, and Hewes et al. 2014, also portray ownership types of the conterminous United States. The former primarily depicts National Forest and other public on the public side, and percent in corporate ownership on the private side, while the latter depicts public (federal, state, and local) and private (family, corporate, and other private) ownership categories. This new data publication breaks out a seventh ownership type (tribal).</supplinf></descript><timeperd><timeinfo><rngdates><begdate>2004</begdate><enddate>2014</enddate></rngdates></timeinfo><current>ground condition</current></timeperd><status><progress>Complete</progress><update>Irregular</update></status><spdom><descgeog>conterminous United States</descgeog><bounding><westbc>-124.732770</westbc><eastbc>-66.969271</eastbc><northbc>49.371730</northbc><southbc>25.130501</southbc></bounding></spdom><keywords><theme><themekt>National Research &amp; Development Taxonomy</themekt><themekey>Inventory, Monitoring, &amp; Analysis</themekey><themekey>Resource inventory</themekey><themekey>Environment and People</themekey><themekey>Impact of people on environment</themekey></theme><place><placekt>None</placekt><placekey>United States of America</placekey><placekey>lower 48</placekey><placekey>contiguous</placekey><placekey>conterminous</placekey><placekey>CONUS</placekey></place><theme><themekey>forest ownership</themekey><themekey>forest land</themekey><themekey>non-forest</themekey><themekey>owner types</themekey><themekey>public</themekey><themekey>private</themekey><themekey>corporate</themekey><themekey>tribal</themekey><themekey>Inventory, Monitoring, &amp; Analysis</themekey><themekey>Resource inventory</themekey><themekey>Environment and People</themekey><themekey>Impact of people on environment</themekey></theme></keywords><accconst>None</accconst><useconst>Appropriate use includes coarse-scale assessment of forest ownership patterns.
	
These data were collected using funding from the U.S. Government and can be used without additional permissions or fees. If you use these data in a publication, presentation, or other research product please use the following citation: 

Hewes, Jaketon H.; Butler, Brett J.; Liknes, Greg C. 2017. Forest ownership in the conterminous United States circa 2014: distribution of seven ownership types - geospatial dataset. Fort Collins, CO: Forest Service Research Data Archive. https://doi.org/10.2737/RDS-2017-0007</useconst><ptcontac><cntinfo><cntperp><cntper>Butler, Brett J.</cntper><cntorg>USDA Forest Service, Northern Research Station</cntorg></cntperp><cntpos>Research Forester</cntpos><cntaddr><addrtype>mailing</addrtype><address>160 Holdsworth Way</address><city>Amherst</city><state>MA</state><postal>01003</postal><country>USA</country></cntaddr><cntvoice>413-545-1387</cntvoice><cntemail>bbutler01@fs.fed.us</cntemail></cntinfo></ptcontac><datacred>Funding for this project provided by USDA Forest Service, Northern Research Station (NRS), Forest Inventory &amp; Analysis as well as USDA Forest Service, State and Private Forestry Cooperative Forestry.</datacred><native>Microsoft Windows 7 Professional 2009 Service Pack 1; ESRI ArcMap 10.1</native><crossref><citeinfo><origin>Nelson, Mark D.</origin><origin>Liknes, Greg C.</origin><origin>Butler, Brett J.</origin><pubdate>2010</pubdate><title>Forest ownership in the conterminous United States: ForestOwn_v1 geospatial dataset</title><geoform>raster digital data</geoform><pubinfo><pubplace>Newtown Square, PA</pubplace><publish>USDA Forest Service, Northern Research Station</publish></pubinfo><onlink>https://doi.org/10.2737/RDS-2010-0002</onlink></citeinfo></crossref><crossref><citeinfo><origin>Hewes, Jaketon H.</origin><origin>Butler, Brett J.</origin><origin>Liknes, Greg C.</origin><origin>Nelson, Mark D.</origin><origin>Snyder, Stephanie A.</origin><pubdate>2014</pubdate><title>Public and private forest ownership in the conterminous United States: distribution of six ownership types - geospatial dataset</title><geoform>raster digital data</geoform><pubinfo><pubplace>Fort Collins, CO</pubplace><publish>Forest Service Research Data Archive</publish></pubinfo><onlink>https://doi.org/10.2737/RDS-2014-0002</onlink></citeinfo></crossref></idinfo><dataqual><attracc><attraccr>Two methods were utilized to assess the accuracy of the Thiessen polygon approach to mapping ownership type. Point validation was conducted for a subset of ownership points withheld prior to the creation of preliminary* ownership polygons. Twenty percent of ownership points were held back from each of the 48 states and across all seven ownership types (24,643 points total). These points were then overlaid with the mapped product and a determination was made whether the points fell within an area predicted to have the same ownership type. 

* These validation points were added back into the dataset for the final model and creation of Thiessen polygons.

Area estimates were also compared for ownership types by state and ecoregion section between mapped product and estimates of USDA Forest Service Forest Inventory and Analysis (FIA) summary data for the 436 state-ecoregion combinations where recent FIA data was available. Insufficient FIA plot sample sizes for 34 state-ecoregion combinations in Arizona, California, Colorado, Georgia, Idaho, Kansas, Minnesota, Montana, Nebraska, New Jersey, New York, North Dakota, Oklahoma, Oregon, South Carolina, South Dakota, Utah, Vermont, Wisconsin and Wyoming precluded development of reliable area estimates and therefore were omitted from the area comparisons.

Map accuracies varied considerably, with highs of 95 and 93% overall accuracy for federal and tribal ownership types, respectively, and lows of 12 and 28% for other private and local ownership types, respectively. These low accuracies values are likely due to the comparatively small number of modeling points used in the model, in combination with the lack of a supplemental data source. Thus, utility of these data vary geographically under different ownership patterns. See assessment results below for more detailed information.</attraccr><qattracc><attraccv>95% (Federal Ownership type)</attraccv><attracce>The percentage of validation points that were accurately predicted as belonging in federal ownership (n=8,095 points).</attracce></qattracc><qattracc><attraccv>76% (State Ownership type)</attraccv><attracce>The percentage of validation points that were accurately predicted as belonging in state ownership (n=1,691 points).</attracce></qattracc><qattracc><attraccv>28% (Local Ownership type)</attraccv><attracce>The percentage of validation points that were accurately predicted as belonging in local ownership (n=608 points). This comparatively low accuracy rate is likely due to the small number of modeling points (2,014, or 3.4% of the total modeling points) and lack of external data source, unlike federal and state public ownership types which were supplemented via PAD.</attracce></qattracc><qattracc><attraccv>63% (Family Ownership type)</attraccv><attracce>The percentage of validation points that were accurately predicted as belonging in family ownership (n=9,214 points).</attracce></qattracc><qattracc><attraccv>45% (Corporate Ownership type)</attraccv><attracce>The percentage of validation points that were accurately predicted as belonging in corporate ownership (n=4,062 points).</attracce></qattracc><qattracc><attraccv>93% (Tribal Ownership type)</attraccv><attracce>The percentage of validation points that were accurately predicted as belonging in tribal ownership (n=569 points).</attracce></qattracc><qattracc><attraccv>12% (Other Private Ownership type)</attraccv><attracce>The percentage of validation points that were accurately predicted as belonging in other private ownership (n=404 points). As with local ownership, the low accuracy rate for this ownership type is likely due to a small number of modeling points (1,496 or 2.6% of the total modeling points) and lack of external data source.</attracce></qattracc><qattracc><attraccv>92% (Public Ownership category)</attraccv><attracce>The percentage of validation points that were accurately predicted as belonging in public ownership (n=10,394 points).</attracce></qattracc><qattracc><attraccv>82% (Private Ownership category)</attraccv><attracce>The percentage of validation points that were accurately predicted as belonging in private ownership (n=13,680 points).</attracce></qattracc><qattracc><attraccv>71% (Overall)</attraccv><attracce>The overall percentage of validation points that were accurately predicted (n=24,643 points).</attracce></qattracc><qattracc><attraccv>0.2% (percent difference: total forest area)</attraccv><attracce>Based on FIA data, forest land area encompasses a total of 686.3 million (+ or - 3.7 million) acres within the 48 conterminous states. The corresponding map-based estimate of total forest area was 684.9 million acres, which falls within the 95% confidence interval surrounding the FIA-based estimate. Map based estimates of statewide forest land area fell within 95% confidence intervals surrounding FIA-based estimates for all states. 

Percent difference was calculated as the absolute value of the difference between the FIA area estimate and the map-based area divided by the FIA estimate.</attracce></qattracc><qattracc><attraccv>11.4% (percent difference: federally-owned forest land)</attraccv><attracce>Map Acres - 211,288,800
FIA Acres - 189,719,401 (95% C.I.: 1,901,509)</attracce></qattracc><qattracc><attraccv>40.1% (percent difference: state-owned forest land)</attraccv><attracce>Map Acres - 63,675,582
FIA Acres - 45,465,514 (95% C.I.: 941,964)</attracce></qattracc><qattracc><attraccv>15.5% (percent difference: locally-owned forest land)</attraccv><attracce>Map Acres - 11,571,343
FIA Acres - 13,698,749 (95% C.I.: 496,275)</attracce></qattracc><qattracc><attraccv>11.0% (percent difference: family-owned forest land)</attraccv><attracce>Map Acres - 253,247,248
FIA Acres - 284,394,364 (95% C.I.: 2,414,043)</attracce></qattracc><qattracc><attraccv>8.8% (percent difference: corporate-owned forest land)</attraccv><attracce>Map Acres - 112,709,784
FIA Acres - 123,559,905 (95% C.I.: 1,641,229)</attracce></qattracc><qattracc><attraccv>13.9% (percent difference: other privately-owned forest land)</attraccv><attracce>Map Acres - 11,504,902
FIA Acres - 13,368,082 (95% C.I.: 583,971)</attracce></qattracc><qattracc><attraccv>29.6% (percent difference: tribally-owned forest land)</attraccv><attracce>Map Acres - 20,910,984
FIA Acres - 16,137,500 (95% C.I.: 581,997)</attracce></qattracc></attracc><logic>see Attribute Accuracy</logic><complete>FOROWN2016 is complete for the conterminous United States.

PAD-US 2.0 (CBI Edition) data were compiled with the best (most complete, recent) datasets available for each state in the United States. Therefore, completeness may vary. Refer to the metadata for the state of interest for further information about completeness.</complete><posacc><horizpa><horizpar>Several vector and raster datasets were used in the development of these data, along with FIA field plot data. Uncertainty in the geographic registration in each of these data sources will contribute to the positional accuracy of the final product. Overall horizontal positional accuracy is expected to be within 1 pixel in either dimension (i.e. 250 meters).</horizpar></horizpa></posacc><lineage><srcinfo><srccite><citeinfo><origin>Conservation Biology Institute</origin><pubdate>20121031</pubdate><title>PAD-US (CBI Edition)</title><edition>Version 2</edition><geoform>vector digital data</geoform><serinfo><sername>Protected Areas Database</sername></serinfo><pubinfo><pubplace>Corvallis, Oregon</pubplace><publish>Conservation Biology Institute</publish></pubinfo><othercit>Only polygons where own_type was equal to 'Federal Land' or 'State Land' were utilized.</othercit><onlink>https://consbio.org/products/projects/pad-us-cbi-edition</onlink></citeinfo></srccite><typesrc>online</typesrc><srctime><timeinfo><rngdates><begdate>Unknown</begdate><enddate>Unknown</enddate></rngdates></timeinfo><srccurr>publication date</srccurr></srctime><srccitea>PAD-US 2.0 (CBI Edition)</srccitea><srccontr>PAD-US (CBI Edition) was used to supplement modeled public ownership.

Source data were produced at various map scales, usually at 1:100,000 or finer</srccontr></srcinfo><srcinfo><srccite><citeinfo><origin>Wilson, B. Tyler</origin><origin>Lister, Andrew J.</origin><origin>Riemann, Rachel I.</origin><pubdate>2012</pubdate><title>A nearest-neighbor imputation approach to mapping tree species over large areas using forest inventory plots and moderate resolution raster data</title><geoform>journal article</geoform><serinfo><sername>Forest Ecology and Management</sername><issue>271:182-198</issue></serinfo><onlink>https://doi.org/10.1016/j.foreco.2012.02.002</onlink></citeinfo></srccite><typesrc>digital file</typesrc><srctime><timeinfo><rngdates><begdate>2000</begdate><enddate>2009</enddate></rngdates></timeinfo><srccurr>ground condition</srccurr></srctime><srccitea>Proportion Forest Layer</srccitea><srccontr>The Proportion Forest Layer was used in conjunction with the Ecoregion Layer to produce a forest/non-forest mask.</srccontr></srcinfo><srcinfo><srccite><citeinfo><origin>USDA Forest Service</origin><pubdate>Unknown</pubdate><title>Forest Inventory and Analysis Forest Ownership Data</title><geoform>vector digital data</geoform><serinfo><sername>FIA Plots</sername></serinfo></citeinfo></srccite><typesrc>digital file</typesrc><srctime><timeinfo><rngdates><begdate>2001</begdate><enddate>2014</enddate></rngdates></timeinfo><srccurr>ground condition</srccurr></srctime><srccitea>FIA Ownership Data</srccitea><srccontr>FIA forested plots (n=123,111) were used to produce the Thiessen Polygon ownership layer.</srccontr></srcinfo><srcinfo><srccite><citeinfo><origin>Cleland, D.T.</origin><origin>Freeouf, J.A.</origin><origin>Keys, J.E., Jr.</origin><origin>Nowacki, G.J.</origin><origin>Carpenter, C.</origin><origin>McNab, W.H.</origin><pubdate>2007</pubdate><title>Ecological subregion sections and subsections of the conterminous United States</title><geoform>vector digital data</geoform><pubinfo><pubplace>Washington D.C.</pubplace><publish>U.S. Department of Agricultuure Forest Service</publish></pubinfo><othercit>General Technical Report WO-76, scale 1:3,500,000</othercit></citeinfo></srccite><typesrc>digital file</typesrc><srctime><timeinfo><sngdate><caldate>2007</caldate></sngdate></timeinfo><srccurr>publication date</srccurr></srctime><srccitea>Ecoregion Layer</srccitea><srccontr>The Ecoregion Layer was used to create the forest/non-forest mask from Wilson et al.'s 2012 Proportion Forest Layer.</srccontr></srcinfo><srcinfo><srccite><citeinfo><origin>Butler, Brett J.</origin><origin>Hewes, Jaketon H.</origin><origin>Liknes, Greg C.</origin><origin>Nelson, Mark D.</origin><origin>Snyder, Stephanie A.</origin><pubdate>2014</pubdate><title>A comparison of techniques for generating forest ownership spatial products</title><geoform>journal article</geoform><serinfo><sername>Applied Geography</sername><issue>46:21-34</issue></serinfo><onlink>https://doi.org/10.1016/j.apgeog.2013.09.020</onlink><onlink>https://www.treesearch.fs.fed.us/pubs/45192</onlink></citeinfo></srccite><typesrc>online</typesrc><srctime><timeinfo><rngdates><begdate>2003</begdate><enddate>2007</enddate></rngdates></timeinfo><srccurr>publication date</srccurr></srctime><srccitea>Butler et al. 2014</srccitea><srccontr>Thiessen polygon, multinomial logit, and classification tree methods were tested for producing a forest ownership spatial dataset across four states from differing geographic regions and with divergent ownership patterns (Alabama, Arizona, Michigan, and Oregon). Over 17,000 sample points with classified forest ownership, collected as part of the USDA Forest Service, Forest Inventory and Analysis (FIA) program, were used in the methods testing exercise; 90% for model building and 10%  for validation assessment. 

The percentage of validation points across the four states correctly predicted ranged from 76.3 to 78.9 among the methods with corresponding weighted kappa values ranging from 0.73 to 0.76. Different methods performed significantly better in different states when examined comparing the percentage of correctly predicted points and weighted kappa values. 

In Alabama where family ownership dominates (63%), followed by corporate ownership (29%) according to FIA estimates, the classification tree method performed significantly better than the Thiessen polygon approach. The multinomial logit approach was not significantly different from the other two approaches.

In Arizona where federal ownership dominates (52%), followed by other private (31%), accuracies were not significantly different among the methods.

In Michigan where family forest ownership dominates (46%), followed by state ownership (21%), accuracy of the classification tree approach was significantly higher than the other approaches, which were not significantly different from each other.

In Oregon, where federal ownership dominates (60%) followed by corporate (20%), accuracy of the Thiessen polygon approach was significantly higher than the other approaches, which were not significantly different from each other.

Overall, the Thiessen polygon method was deemed preferable because: it had a lower bias towards dominant ownership categories; required fewer inputs; and was simpler to implement.</srccontr></srcinfo><srcinfo><srccite><citeinfo><origin>U.S. Bureau of the Census (BOC)</origin><pubdate>20140819</pubdate><title>tl_2014_us_tbg.shp</title><edition>2014</edition><geoform>vector digital data</geoform><serinfo><sername>Tribal Block Group National Shapefile</sername><issue>2014</issue></serinfo><onlink>https://www.census.gov/geo/maps-data/data/tiger-line.html</onlink></citeinfo></srccite><typesrc>download</typesrc><srctime><timeinfo><sngdate><caldate>20140101</caldate></sngdate></timeinfo><srccurr>ground condition</srccurr></srctime><srccitea>Tribal Block Group</srccitea><srccontr>The tl_2014_us_tbg.shp was used to supplement modeled tribal ownership.</srccontr></srcinfo><srcinfo><srccite><citeinfo><origin>U.S. Bureau of the Census (BOC)</origin><origin>Research and Innovative Technology Administration's Bureau of Transportation Statistics (RITA/BTS)</origin><pubdate>2010</pubdate><title>State boundaries</title><edition>2010</edition><geoform>vector digital data</geoform><pubinfo><pubplace>Suitland, MD</pubplace><publish>U.S. Census Bureau (BOC)</publish></pubinfo><othercit>Compiled by the University of Tennessee Center for Transportation Research, GIS GROUP from TIGER/Line machine readable files.
				
At the time of download the data were available:
//www.census.gov
//www.bts.gov/programs/geographic_information_services/</othercit><lworkcit><citeinfo><origin>Research and Innovative Technology Administration's Bureau of Transportation Statistics (RITA/BTS)</origin><pubdate>2011</pubdate><title>National Transportation Atlas Databases (NTAD) 2011</title><pubinfo><pubplace>Washington DC</pubplace><publish>Research and Innovative Technology Administration's Bureau of Transportation Statistics (RITA/BTS)</publish></pubinfo></citeinfo></lworkcit></citeinfo></srccite><typesrc>online</typesrc><srctime><timeinfo><sngdate><caldate>2010</caldate></sngdate></timeinfo><srccurr>ground condition</srccurr></srctime><srccitea>State layer</srccitea><srccontr>State layer used in data processing.</srccontr></srcinfo><procstep><procdesc>Using ArcToolbox\Analysis\Proximity\Create Thiessen Polygons tool was utilized to generate ownership polygons from 72,986* points at which ownership type is known. 

2,677 Federal-owned Points
2,294 State-owned Points
2,519 Locally-owned Points
44,085 Family-owned Points
19,321 Corporate-owned Points
1,869 Other Private-owned Points
221 Tribal-owned Points

Polygons were assigned the ownership type of the parent FIA point from which they were derived.

*Original dataset of FIA points with which to model ownership consisted of 123,111 points. 50,125 of these original points were held back from Thiessen Polygon creation as they intersected PAD federal or state or Tribal Block Group tribal ownership.</procdesc><srcused>FIA Ownership Data</srcused><srcused>PAD-US 2.0 (CBI Edition)</srcused><srcused>Tribal Block Group</srcused><procdate>2015</procdate></procstep><procstep><procdesc>Using ArcToolbox\Analysis\Overlay Union tool, Thiessen Polygon layer was combined with PAD-US (CBI) Version 2.0 where PAD "Category" = Fee and Owner Type = Federal Land or State Land; and also combined with Tribal Block Group Layer to demarcate tribal ownership.</procdesc><srcused>FIA Ownership Data</srcused><srcused>PAD-US 2.0 (CBI Edition)</srcused><srcused>Tribal Block Group</srcused><procdate>2015</procdate></procstep><procstep><procdesc>Within the ownership polygon attribute table using the "Field Calculator", ownership type of unioned layers was set equal to ownership type of Thiessen Polygon layer, except where PAD was equal to federal or state, or where Tribal Block Group indicated ownership by a tribal entity. In those instances PAD and Tribal Block Group determined the ownership type.</procdesc><srcused>FIA Ownership Data</srcused><srcused>PAD-US 2.0 (CBI Edition)</srcused><srcused>Tribal Block Group</srcused><procdate>2015</procdate></procstep><procstep><procdesc>Using ArcToolbox\Conversion\To Raster Polygon to Raster tool, ownership polygons were converted to raster format, with the extent and cell size equal to that in the Forest Layer.</procdesc><srcused>Proportion Forest Layer</srcused><procdate>2015</procdate></procstep><procstep><procdesc>Using ArcToolbox\Spatial Analyst Tools\Local Combine tool, Ecoregion, State and Proportion Forest layers were combined to produce one raster dataset with integrated data.

Forest/Non-forest mask was derived by applying a threshold value to the Proportion Forest layer for each ecoregion/state combination such that total forest area in each ecoregion/state unit closely matched FIA statistics.

Pixels for each ecoregion/state unit that exceeded the threshold were designated as "forest" using the Field Calculater within the attribute table.</procdesc><srcused>Ecoregion Layer</srcused><srcused>Proportion Forest Layer</srcused><srcused>State Layer</srcused><procdate>2015</procdate><srcprod>Forest Mask</srcprod></procstep><procstep><procdesc>Using ArcToolbox\Spatial Analyst Tools\Extraction Extract by Mask tool, modeled ownership pixels from raster were identified and retained where spatially coincident with forest.</procdesc><srcused>Forest Mask</srcused><procdate>2015</procdate></procstep></lineage></dataqual><spref><horizsys><planar><mapproj><mapprojn>Albers Conical Equal Area</mapprojn><albers><stdparll>29.5</stdparll><stdparll>45.5</stdparll><longcm>-96</longcm><latprjo>23</latprjo><feast>0</feast><fnorth>0</fnorth></albers></mapproj><planci><plance>row and column</plance><coordrep><absres>250</absres><ordres>250</ordres></coordrep><plandu>meters</plandu></planci></planar><geodetic><horizdn>North American Datum of 1983</horizdn><ellips>World Geodetic System of 1984</ellips><semiaxis>6378137</semiaxis><denflat>298.25722210088</denflat></geodetic></horizsys></spref><eainfo><detailed xmlns=""><enttyp><enttypl>OWNERSHIP</enttypl><enttypd>Entity type predicted to own forestland</enttypd><enttypds>Woudenberg, Sharon W.; Conkling, Barbara L.; O'Connell, Barbara M.; LaPoint, Elizabeth B.; Turner, Jeffery A.; Waddell, Karen L. 2010. The Forest Inventory and Analysis database: database description and users manual version 4.0 for Phase 2. Gen. Tech. Rep. RMRS-GTR-245. Fort Collins, CO: U.S. Department of Agriculture, Forest Service, Rocky Mountain Research Station. 336 p. https://www.treesearch.fs.fed.us/pubs/37446</enttypds></enttyp><attr><attrlabl>OWNERSHIP_TYPE</attrlabl><attrdef>Seven values of ownership type:

0 = Non-Forest.
1 = Federal (Public): Owned by the federal government. FIA Codes 11-13, 21-25.
2 = State (Public): Owned by a state government. FIA Code 31.
3 = Local (Public): Owned by a local government. FIA Code 32.
4 = Family (Private): Owned by families, individuals, trusts, estates, family partnerships, and other unincorporated groups of individuals that own forest land. FIA Code 45.
5 = Corporate (Private): Owned by corporations. FIA Code 41.
6 = Other Private (Private): Owned by conservation and natural resource organizations, unincorporated partnerships and associations. FIA Codes 42-43.
7 = Tribal: Owned by Native American tribes. FIA Code 44.</attrdef><attrdefs>Woudenberg et al. 2010</attrdefs></attr></detailed><overview xmlns=""><eaover>The Public Areas Database was used to identify Federal and State Lands, and the Tribal Block Group National shapefile was used to identify Tribal lands. Remaining land area was interpolated into owner classes from values at known points using Thiessen polygons. This interpolated land area included some remaining points/plots with Federal, State, or Tribal owner codes that fell outside the areas in the previous two datasets.  

Finally, a forest proportion dataset was used to remove all non-forest lands. The proportion tree cover used as the forest/non-forest threshold was chosen individually for each ecoregion-state combination such that the total forest area in each ecoregion-state unit most closely matched FIA statistics. The final dataset is a 250 meter raster.</eaover><eadetcit>Woudenberg, Sharon W.; Conkling, Barbara L.; O'Connell, Barbara M.; LaPoint, Elizabeth B.; Turner, Jeffery A.; Waddell, Karen L. 2010. The Forest Inventory and Analysis database: database description and users manual version 4.0 for Phase 2. Gen. Tech. Rep. RMRS-GTR-245. Fort Collins, CO: U.S. Department of Agriculture, Forest Service, Rocky Mountain Research Station. 336 p. https://www.treesearch.fs.fed.us/pubs/37446</eadetcit></overview></eainfo><distinfo><distrib><cntinfo><cntorgp><cntorg>USDA Forest Service, Research and Development</cntorg></cntorgp><cntpos>Research Data Archivist</cntpos><cntaddr><addrtype>mailing and physical</addrtype><address>240 West Prospect Road</address><city>Fort Collins</city><state>CO</state><postal>80526</postal><country>USA</country></cntaddr><cntvoice>see Contact Instructions</cntvoice><cntinst>This contact information was current as of January 2017. For current information see Contact Us page on: https://doi.org/10.2737/RDS.</cntinst></cntinfo></distrib><resdesc>RDS-2017-0007</resdesc><distliab>Metadata documents have been reviewed for accuracy and completeness. Unless otherwise stated, all data and related materials are considered to satisfy the quality standards relative to the purpose for which the data were collected. However, neither the author, the Archive, nor any part of the federal government can assure the reliability or suitability of these data for a particular purpose. The act of distribution shall not constitute any such warranty, and no responsibility is assumed for a user's application of these data or related materials.

The metadata, data, or related materials may be updated without notification. If a user believes errors are present in the metadata, data or related materials, please use the information in (1) Identification Information: Point of Contact, (2) Metadata Reference: Metadata Contact, or (3) Distribution Information: Distributor to notify the author or the Archive of the issues.</distliab><stdorder><digform><digtinfo><formname>GRID</formname><formvern>see Format Specification</formvern><formspec>ArcGIS raster grid file</formspec><filedec>Files zipped with Winzip 14.0</filedec></digtinfo><digtopt><onlinopt><computer><networka><networkr>https://doi.org/10.2737/RDS-2017-0007</networkr></networka></computer></onlinopt></digtopt></digform><fees>None</fees></stdorder></distinfo><metainfo><metd>20170206</metd><metc><cntinfo><cntperp><cntper>Butler, Brett J.</cntper><cntorg>USDA Forest Service, Northern Research Station</cntorg></cntperp><cntpos>Research Forester</cntpos><cntaddr><addrtype>mailing</addrtype><address>160 Holdsworth Way</address><city>Amherst</city><state>MA</state><postal>01003</postal><country>USA</country></cntaddr><cntvoice>413-545-1387</cntvoice><cntemail>bbutler01@fs.fed.us</cntemail></cntinfo></metc><metstdn>FGDC Content Standard for Digital Geospatial Metadata</metstdn><metstdv>FGDC-STD-001-1998</metstdv></metainfo><dataIdInfo><idPurp>These data are designed for strategic analyses at a national or regional scale which require spatially explicit information regarding the extent, distribution, and prevalence of the ownership types represented. These data are not recommended for tactical analyses on a sub-regional scale, or for informing local management decisions. Furthermore, map accuracies vary considerably and thus the utility of these data can vary geographically under different ownership patterns.</idPurp><idAbs>&lt;DIV STYLE="text-align:Left;"&gt;&lt;DIV&gt;&lt;DIV&gt;&lt;P&gt;&lt;SPAN&gt;This data publication contains 250 meter raster data depicting the spatial distribution of forest ownership types in the conterminous United States. The data are a modeled representation of forest land by ownership type, and include three types of public ownership: federal, state, and local; three types of private: family (includes individuals and families), corporate, and other private (includes conservation and natural resource organizations, and unincorporated partnerships and associations); as well as Native American tribal lands. The most up-to-date data available were used in creating this data publication. A plurality of the ownership data were from 2014, but some data were as old as 2004.&lt;/SPAN&gt;&lt;/P&gt;&lt;/DIV&gt;&lt;/DIV&gt;&lt;/DIV&gt;</idAbs><idCredit>Funding for this project provided by USDA Forest Service, Northern Research Station (NRS), Forest Inventory &amp; Analysis as well as USDA Forest Service, State and Private Forestry Cooperative Forestry.</idCredit><idCitation xmlns=""><resTitle>Forest ownership in the conterminous United States circa 2014: distribution of seven ownership types - geospatial dataset</resTitle></idCitation><searchKeys><keyword>forest ownership</keyword><keyword>forest land</keyword><keyword>non-forest</keyword><keyword>owner types</keyword><keyword>public</keyword><keyword>private</keyword><keyword>corporate</keyword><keyword>tribal</keyword><keyword>Inventory</keyword><keyword>Monitoring</keyword><keyword>&amp; Analysis</keyword><keyword>Resource inventory</keyword><keyword>Environment and People</keyword><keyword>Impact of people on environment</keyword><keyword>boundaries</keyword><keyword>environment</keyword><keyword>planningCadastre</keyword></searchKeys><resConst><Consts xmlns=""><useLimit>&lt;DIV STYLE="text-align:Left;"&gt;&lt;DIV&gt;&lt;DIV&gt;&lt;P&gt;&lt;SPAN&gt;Appropriate use includes coarse-scale assessment of forest ownership patterns. These data were collected using funding from the U.S. Government and can be used without additional permissions or fees. If you use these data in a publication, presentation, or other research product please use the following citation: Hewes, Jaketon H.; Butler, Brett J.; Liknes, Greg C. 2017. Forest ownership in the conterminous United States circa 2014: distribution of seven ownership types - geospatial dataset. Fort Collins, CO: Forest Service Research Data Archive. https://doi.org/10.2737/RDS-2017-0007&lt;/SPAN&gt;&lt;/P&gt;&lt;/DIV&gt;&lt;/DIV&gt;&lt;/DIV&gt;</useLimit></Consts></resConst><dataExt xmlns=""><geoEle xmlns=""><GeoBndBox esriExtentType="search"/></geoEle></dataExt><themeKeys xmlns=""><thesaName xmlns=""><resTitle>None</resTitle></thesaName><keyword>forest ownership</keyword><keyword>forest land</keyword><keyword>non-forest</keyword><keyword>owner types</keyword><keyword>public</keyword><keyword>private</keyword><keyword>corporate</keyword><keyword>tribal</keyword></themeKeys><themeKeys xmlns=""><thesaName xmlns=""><resTitle>National Research &amp; Development Taxonomy</resTitle></thesaName><keyword>Inventory, Monitoring, &amp; Analysis</keyword><keyword>Resource inventory</keyword><keyword>Environment and People</keyword><keyword>Impact of people on environment</keyword></themeKeys><dataChar><CharSetCd value="004"/></dataChar><tpCat><TopicCatCd value="003"/></tpCat><tpCat><TopicCatCd value="007"/></tpCat><tpCat><TopicCatCd value="015"/></tpCat></dataIdInfo><Esri><DataProperties><itemProps><imsContentType export="False"/></itemProps></DataProperties><ArcGISFormat>1.0</ArcGISFormat><ArcGISProfile>ISO19139</ArcGISProfile></Esri><mdChar><CharSetCd value="004"/></mdChar><mdHrLv><ScopeCd value="005"/></mdHrLv><mdContact xmlns=""><rpIndName>Butler, Brett J.</rpIndName><rpOrgName>USDA Forest Service, Northern Research Station</rpOrgName><rpPosName>Research Forester</rpPosName><rpCntInfo xmlns=""><cntAddress addressType="postal"><delPoint>160 Holdsworth Way</delPoint><city>Amherst</city><adminArea>MA</adminArea><postCode>01003</postCode><eMailAdd>bbutler01@fs.fed.us</eMailAdd><country>UNITED STATES</country></cntAddress><cntPhone><voiceNum tddtty="">413-545-1387</voiceNum></cntPhone></rpCntInfo></mdContact></metadata>
